inserts,ground_truth_mass_large,calculated_mass_large,ground_truth_mass_medium,calculated_mass_medium,ground_truth_mass_small,calculated_mass_small
Low Density,19.6,19.373706292616088,4.2,3.395426501612653,0.2,0.0
Medium Density,39.3,41.64497320036264,8.5,8.340802036496719,0.3,0.10048786542056076
High Density,78.5,90.08015277882758,17.0,18.34399713310897,0.6,0.7816726588235294
