inserts,ground_truth_volume_large,calculated_volume_large,ground_truth_volume_medium,calculated_volume_medium,ground_truth_volume_small,calculated_volume_small,ground_truth_mass_large,calculated_mass_large,ground_truth_mass_medium,calculated_mass_medium,ground_truth_mass_small,calculated_mass_small
Low Density,98.2,106.91966354645841,21.2,26.91565211955727,0.8,0.3360915450480536,19.6,21.383932709291685,4.2,5.383130423911454,0.2,0.06721830900961072
Medium Density,98.2,94.99447106469155,21.2,25.309287611202844,0.8,0.0,39.3,37.99778842587662,8.5,10.123715044481138,0.3,0.0
High Density,98.2,101.41492702466147,21.2,17.13226983535779,0.8,0.12618611039502786,78.5,81.13194161972918,17.0,13.705815868286232,0.6,0.10094888831602229
