inserts,ground_truth_volume_large,calculated_volume_large,ground_truth_volume_medium,calculated_volume_medium,ground_truth_volume_small,calculated_volume_small,ground_truth_mass_large,calculated_mass_large,ground_truth_mass_medium,calculated_mass_medium,ground_truth_mass_small,calculated_mass_small
Low Density,98.2,124.07671207346817,21.2,24.554345864035355,0.8,0.0,19.6,24.815342414693635,4.2,4.910869172807072,0.2,0.0
Medium Density,98.2,102.14666880279259,21.2,27.19703982552673,0.8,0.0,39.3,40.85866752111704,8.5,10.878815930210692,0.3,0.0
High Density,98.2,103.64807102016712,21.2,21.71498488854273,0.8,1.240121554994236,78.5,82.9184568161337,17.0,17.371987910834186,0.6,0.9920972439953888
