inserts,ground_truth_volume_large,calculated_volume_large,ground_truth_volume_medium,calculated_volume_medium,ground_truth_volume_small,calculated_volume_small,ground_truth_mass_large,calculated_mass_large,ground_truth_mass_medium,calculated_mass_medium,ground_truth_mass_small,calculated_mass_small
Low Density,98.2,132.26325534965434,21.2,20.525042127212668,0.8,0.2764751072656159,19.6,26.45265106993087,4.2,4.105008425442533,0.2,0.055295021453123185
Medium Density,98.2,101.14581231284053,21.2,25.28901461169054,0.8,0.24222160082730107,39.3,40.45832492513622,8.5,10.115605844676217,0.3,0.09688864033092043
High Density,98.2,99.31606872144287,21.2,18.835482349199307,0.8,1.5356292888446559,78.5,79.4528549771543,17.0,15.068385879359447,0.6,1.2285034310757248
