inserts,ground_truth_volume_large,calculated_volume_large,ground_truth_volume_medium,calculated_volume_medium,ground_truth_volume_small,calculated_volume_small,ground_truth_mass_large,calculated_mass_large,ground_truth_mass_medium,calculated_mass_medium,ground_truth_mass_small,calculated_mass_small
Low Density,98.2,122.13961024693498,21.2,28.524128305952594,0.8,0.0,19.6,24.427922049386996,4.2,5.704825661190519,0.2,0.0
Medium Density,98.2,109.57144233552928,21.2,18.031974388052923,0.8,0.510327877349122,39.3,43.82857693421172,8.5,7.21278975522117,0.3,0.20413115093964881
High Density,98.2,104.82659399001393,21.2,20.078226280309043,0.8,0.0,78.5,83.86127519201115,17.0,16.062581024247233,0.6,0.0
