inserts,ground_truth_volume_large,calculated_volume_large,ground_truth_volume_medium,calculated_volume_medium,ground_truth_volume_small,calculated_volume_small,ground_truth_mass_large,calculated_mass_large,ground_truth_mass_medium,calculated_mass_medium,ground_truth_mass_small,calculated_mass_small
Low Density,98.2,120.14832563489782,21.2,30.84009701112697,0.8,0.7619733317425893,19.6,24.029665126979566,4.2,6.1680194022253945,0.2,0.15239466634851787
Medium Density,98.2,108.1486353566745,21.2,18.580760304114122,0.8,0.0,39.3,43.2594541426698,8.5,7.432304121645649,0.3,0.0
High Density,98.2,114.67825117384606,21.2,20.723644899234916,0.8,1.9176249601043471,78.5,91.74260093907685,17.0,16.578915919387935,0.6,1.5340999680834777
