inserts,ground_truth_volume_large,calculated_volume_large,ground_truth_volume_medium,calculated_volume_medium,ground_truth_volume_small,calculated_volume_small,ground_truth_mass_large,calculated_mass_large,ground_truth_mass_medium,calculated_mass_medium,ground_truth_mass_small,calculated_mass_small
Low Density,98.2,118.09059507103504,21.2,29.70061030773841,0.8,0.36178859573819694,19.6,23.61811901420701,4.2,5.940122061547682,0.2,0.07235771914763939
Medium Density,98.2,103.03404637583364,21.2,27.424962383026113,0.8,0.0,39.3,41.21361855033346,8.5,10.969984953210446,0.3,0.0
High Density,98.2,109.17780376367043,21.2,18.444992549409527,0.8,0.13592052226718426,78.5,87.34224301093634,17.0,14.755994039527621,0.6,0.10873641781374742
