inserts,ground_truth_volume_large,calculated_volume_large,ground_truth_volume_medium,calculated_volume_medium,ground_truth_volume_small,calculated_volume_small,ground_truth_mass_large,calculated_mass_large,ground_truth_mass_medium,calculated_mass_medium,ground_truth_mass_small,calculated_mass_small
Low Density,98.2,113.60392898075642,21.2,24.471426290018826,0.8,0.21360248861973252,19.6,22.720785796151286,4.2,4.894285258003766,0.2,0.04272049772394651
Medium Density,98.2,105.5990363067884,21.2,20.650981023700094,0.8,0.8765562862747072,39.3,42.239614522715364,8.5,8.260392409480039,0.3,0.3506225145098829
High Density,98.2,106.25733314539292,21.2,22.147069592667666,0.8,0.8746676369024566,78.5,85.00586651631434,17.0,17.717655674134132,0.6,0.6997341095219654
