inserts,ground_truth_mass_large,calculated_mass_large,ground_truth_mass_medium,calculated_mass_medium,ground_truth_mass_small,calculated_mass_small
Low Density,19.6,21.13599400916312,4.2,3.952481351643977,0.2,0.13536131672330373
Medium Density,39.3,38.42722058350613,8.5,9.705581248701026,0.3,0.5990104280346837
High Density,78.5,83.09500867550133,17.0,16.367744480590325,0.6,0.06383352906164462
