inserts,ground_truth_volume_large,calculated_volume_large,ground_truth_volume_medium,calculated_volume_medium,ground_truth_volume_small,calculated_volume_small,ground_truth_mass_large,calculated_mass_large,ground_truth_mass_medium,calculated_mass_medium,ground_truth_mass_small,calculated_mass_small
Low Density,98.2,103.37869798560484,21.2,28.25342640590044,0.8,0.0,19.6,20.67573959712097,4.2,5.650685281180088,0.2,0.0
Medium Density,98.2,98.99467319888417,21.2,18.249871040749042,0.8,0.43098618558241253,39.3,39.59786927955367,8.5,7.2999484162996175,0.3,0.17239447423296503
High Density,98.2,94.20587515707473,21.2,20.846265404090857,0.8,1.1458266457075597,78.5,75.36470012565978,17.0,16.677012323272688,0.6,0.9166613165660478
