inserts,ground_truth_volume_large,calculated_volume_large,ground_truth_volume_medium,calculated_volume_medium,ground_truth_volume_small,calculated_volume_small,ground_truth_mass_large,calculated_mass_large,ground_truth_mass_medium,calculated_mass_medium,ground_truth_mass_small,calculated_mass_small
Low Density,98.2,82.86704977606007,21.2,18.888880980349235,0.8,0.33082295525747124,19.6,16.573409955212014,4.2,3.7777761960698473,0.2,0.06616459105149425
Medium Density,98.2,94.56911749418518,21.2,19.81314767039906,0.8,0.0,39.3,37.82764699767407,8.5,7.925259068159625,0.3,0.0
High Density,98.2,93.49800537524393,21.2,22.17596566880632,0.8,0.6130048593369035,78.5,74.79840430019514,17.0,17.740772535045057,0.6,0.49040388746952285
