inserts,ground_truth_volume_large,calculated_volume_large,ground_truth_volume_medium,calculated_volume_medium,ground_truth_volume_small,calculated_volume_small,ground_truth_mass_large,calculated_mass_large,ground_truth_mass_medium,calculated_mass_medium,ground_truth_mass_small,calculated_mass_small
Low Density,98.2,111.52940997579505,21.2,24.22231238328653,0.8,0.10883151223150572,19.6,22.305881995159012,4.2,4.844462476657306,0.2,0.021766302446301147
Medium Density,98.2,93.29048877025555,21.2,23.752826475604294,0.8,0.9195132482770016,39.3,37.31619550810222,8.5,9.501130590241718,0.3,0.3678052993108007
High Density,98.2,97.59872088664375,21.2,19.140363432480164,0.8,0.32897459508405624,78.5,78.078976709315,17.0,15.312290745984132,0.6,0.263179676067245
