inserts,ground_truth_volume_large,calculated_volume_large,ground_truth_volume_medium,calculated_volume_medium,ground_truth_volume_small,calculated_volume_small,ground_truth_mass_large,calculated_mass_large,ground_truth_mass_medium,calculated_mass_medium,ground_truth_mass_small,calculated_mass_small
Low Density,98.2,96.05779885117829,21.2,25.345828009314886,0.8,0.7433951491885917,19.6,19.21155977023566,4.2,5.069165601862977,0.2,0.14867902983771836
Medium Density,98.2,95.3753091037844,21.2,20.353008858104417,0.8,0.0,39.3,38.150123641513765,8.5,8.141203543241767,0.3,0.0
High Density,98.2,96.14918476355828,21.2,19.01146278187655,0.8,0.5392010841042284,78.5,76.91934781084663,17.0,15.20917022550124,0.6,0.43136086728338274
