inserts,ground_truth_volume_large,calculated_volume_large,ground_truth_volume_medium,calculated_volume_medium,ground_truth_volume_small,calculated_volume_small,ground_truth_mass_large,calculated_mass_large,ground_truth_mass_medium,calculated_mass_medium,ground_truth_mass_small,calculated_mass_small
Low Density,98.2,108.42252676608831,21.2,15.369970374273919,0.8,0.13046064904572688,19.6,21.684505353217663,4.2,3.073994074854784,0.2,0.026092129809145378
Medium Density,98.2,98.67132434922233,21.2,19.937561501297697,0.8,0.11705465515722299,39.3,39.46852973968893,8.5,7.975024600519079,0.3,0.0468218620628892
High Density,98.2,97.39352070039726,21.2,21.320745196675517,0.8,0.06292123612038522,78.5,77.91481656031782,17.0,17.056596157340415,0.6,0.05033698889630818
