inserts,ground_truth_mass_large,calculated_mass_large,ground_truth_mass_medium,calculated_mass_medium,ground_truth_mass_small,calculated_mass_small
Low Density,19.6,20.140890791658112,4.2,4.4085854209573805,0.2,0.2638612710868353
Medium Density,39.3,48.76962641565883,8.5,9.904343089444568,0.3,0.592778623182664
High Density,78.5,97.99108771338753,17.0,14.323308820610396,0.6,0.9991478357420971
