inserts,ground_truth_mass_large,calculated_mass_large,ground_truth_mass_medium,calculated_mass_medium,ground_truth_mass_small,calculated_mass_small
Low Density,19.6,24.93106443330629,4.2,5.833180034858028,0.2,0.02729075167934473
Medium Density,39.3,47.30111967271871,8.5,10.467820829424795,0.3,0.6710516950403695
High Density,78.5,96.06486964829179,17.0,14.412918937928977,0.6,0.0
