inserts,ground_truth_mass_large,calculated_mass_large,ground_truth_mass_medium,calculated_mass_medium,ground_truth_mass_small,calculated_mass_small
Low Density,19.6,21.37243892669645,4.2,5.333999022435144,0.2,0.0
Medium Density,39.3,44.00962163363326,8.5,6.698021760253052,0.3,0.8091996348443096
High Density,78.5,95.6985111909895,17.0,16.568884419103483,0.6,0.12313804237930803
