inserts,ground_truth_mass_large,calculated_mass_large,ground_truth_mass_medium,calculated_mass_medium,ground_truth_mass_small,calculated_mass_small
Low Density,19.6,22.189846703182983,4.2,4.159142113610952,0.2,0.22553294274789748
Medium Density,39.3,46.11557609273808,8.5,10.6658528058448,0.3,0.6990608339267972
High Density,78.5,99.14959979993024,17.0,17.548996666685284,0.6,0.26595805022420665
