inserts,ground_truth_volume_large,calculated_volume_large,ground_truth_volume_medium,calculated_volume_medium,ground_truth_volume_small,calculated_volume_small,ground_truth_mass_large,calculated_mass_large,ground_truth_mass_medium,calculated_mass_medium,ground_truth_mass_small,calculated_mass_small
Low Density,98.2,138.87102513296873,21.2,19.942500685814224,0.8,0.2974615792151899,19.6,27.774205026593748,4.2,3.988500137162845,0.2,0.059492315843037984
Medium Density,98.2,181.69012337203674,21.2,36.81131799145425,0.8,0.2679347452632661,39.3,72.6760493488147,8.5,14.724527196581702,0.3,0.10717389810530645
High Density,98.2,222.32449085473777,21.2,48.51598746366027,0.8,0.14465017283388767,78.5,177.85959268379023,17.0,38.812789970928215,0.6,0.11572013826711014
