inserts,ground_truth_volume_large,calculated_volume_large,ground_truth_volume_medium,calculated_volume_medium,ground_truth_volume_small,calculated_volume_small,ground_truth_mass_large,calculated_mass_large,ground_truth_mass_medium,calculated_mass_medium,ground_truth_mass_small,calculated_mass_small
Low Density,98.2,134.8888747587409,21.2,29.405081412836704,0.8,0.13107537125031224,19.6,26.977774951748184,4.2,5.881016282567341,0.2,0.026215074250062448
Medium Density,98.2,112.90643011916262,21.2,28.617841048676745,0.8,1.1075949515676207,39.3,45.16257204766505,8.5,11.447136419470699,0.3,0.4430379806270483
High Density,98.2,117.5710961878806,21.2,23.073314862460183,0.8,0.39675873098706876,78.5,94.05687695030448,17.0,18.45865188996815,0.6,0.317406984789655
