inserts,ground_truth_volume_large,calculated_volume_large,ground_truth_volume_medium,calculated_volume_medium,ground_truth_volume_small,calculated_volume_small,ground_truth_mass_large,calculated_mass_large,ground_truth_mass_medium,calculated_mass_medium,ground_truth_mass_small,calculated_mass_small
Low Density,98.2,95.73886485447295,21.2,21.747077078129564,0.8,0.3734909146878913,19.6,19.14777297089459,4.2,4.349415415625913,0.2,0.07469818293757827
Medium Density,98.2,107.4981678265076,21.2,22.56294344915156,0.8,0.0,39.3,42.999267130603045,8.5,9.025177379660624,0.3,0.0
High Density,98.2,105.69871764982602,21.2,25.046522287619467,0.8,0.6919411319263928,78.5,84.55897411986082,17.0,20.037217830095575,0.6,0.5535529055411142
