inserts,ground_truth_volume_large,calculated_volume_large,ground_truth_volume_medium,calculated_volume_medium,ground_truth_volume_small,calculated_volume_small,ground_truth_mass_large,calculated_mass_large,ground_truth_mass_medium,calculated_mass_medium,ground_truth_mass_small,calculated_mass_small
Low Density,98.2,105.19885740437672,21.2,27.718299257492006,0.8,0.8044545103805572,19.6,21.039771480875345,4.2,5.5436598514984015,0.2,0.16089090207611145
Medium Density,98.2,103.66514876051846,21.2,22.1117665808578,0.8,0.0,39.3,41.46605950420739,8.5,8.84470663234312,0.3,0.0
High Density,98.2,104.08266601577655,21.2,20.580516369585347,0.8,0.5837104482798368,78.5,83.26613281262125,17.0,16.464413095668277,0.6,0.46696835862386943
